StateAbb,CCode,country,index,name,latitude,longitude
USA,2,United States,0,United States,37.09024,-95.712891
CAN,20,Canada,1,Canada,56.130366,-106.346771
BHM,31,Bahamas,2,Bahamas,25.03428,-77.39628
CUB,40,Cuba,3,Cuba,21.521757,-77.781167
HAI,41,Haiti,4,Haiti,18.971187,-72.285215
DOM,42,Dominican Republic,5,Dominican Republic,18.735693,-70.162651
JAM,51,Jamaica,6,Jamaica,18.109581,-77.297508
TRI,52,Trinidad and Tobago,7,Trinidad and Tobago,10.691803,-61.222503
BAR,53,Barbados,8,Barbados,13.193887,-59.543198
DMA,54,Dominica,9,Dominica,15.414999,-61.370976
GRN,55,Grenada,10,Grenada,12.262776,-61.604171
SLU,56,Saint Lucia,11,Saint Lucia,13.909444,-60.978893
SVG,57,Saint Vincent and the Grenadines,12,Saint Vincent and the Grenadines,12.984305,-61.287228
AAB,58,Antigua and Barbuda,13,Antigua and Barbuda,17.060816,-61.796428
SKN,60,Saint Kitts and Nevis,14,Saint Kitts and Nevis,17.357822,-62.782998
MEX,70,Mexico,15,Mexico,23.634501,-102.552784
BLZ,80,Belize,16,Belize,17.189877,-88.49765
GUA,90,Guatemala,17,Guatemala,15.783471,-90.230759
HON,91,Honduras,18,Honduras,15.199999,-86.241905
SAL,92,El Salvador,19,El Salvador,13.794185,-88.89653
NIC,93,Nicaragua,20,Nicaragua,12.865416,-85.207229
COS,94,Costa Rica,21,Costa Rica,9.748917,-83.753428
PAN,95,Panama,22,Panama,8.537981,-80.782127
COL,100,Colombia,23,Colombia,4.570868,-74.297333
VEN,101,Venezuela,24,Venezuela,6.42375,-66.58973
GUY,110,Guyana,25,Guyana,4.860416,-58.93018
SUR,115,Suriname,26,Suriname,3.919305,-56.027783
ECU,130,Ecuador,27,Ecuador,-1.831239,-78.183406
PER,135,Peru,28,Peru,-9.189967,-75.015152
BRA,140,Brazil,29,Brazil,-14.235004,-51.92528
BOL,145,Bolivia,30,Bolivia,-16.290154,-63.588653
PAR,150,Paraguay,31,Paraguay,-23.442503,-58.443832
CHL,155,Chile,32,Chile,-35.675147,-71.542969
ARG,160,Argentina,33,Argentina,-38.416097,-63.616672
URU,165,Uruguay,34,Uruguay,-32.522779,-55.765835
UKG,200,United Kingdom,35,United Kingdom,55.378051,-3.435973
IRE,205,Ireland,36,Ireland,53.41291,-8.24389
NTH,210,Netherlands,37,Netherlands,52.132633,5.291266
BEL,211,Belgium,38,Belgium,50.503887,4.469936
LUX,212,Luxembourg,39,Luxembourg,49.815273,6.129583
FRN,220,France,40,France,46.227638,2.213749
MNC,221,Monaco,41,Monaco,43.750298,7.412841
LIE,223,Liechtenstein,42,Liechtenstein,47.166,9.555373
SWZ,225,Switzerland,43,Switzerland,46.818188,8.227512
SPN,230,Spain,44,Spain,40.463667,-3.74922
AND,232,Andorra,45,Andorra,42.546245,1.601554
POR,235,Portugal,46,Portugal,39.399872,-8.224454
HAN,240,Germany,47,Germany,51.165691,10.451526
BAV,245,Germany,48,Germany,51.165691,10.451526
GMY,255,Germany,49,Germany,51.165691,10.451526
GFR,260,Germany,50,Germany,51.165691,10.451526
GDR,265,Germany,51,Germany,51.165691,10.451526
BAD,267,Germany,52,Germany,51.165691,10.451526
SAX,269,Germany,53,Germany,51.165691,10.451526
MEC,280,Germany,54,Germany,51.165691,10.451526
POL,290,Poland,55,Poland,51.919438,19.145136
AUH,300,Austria,56,Austria,47.516231,14.550072
AUS,305,Austria,57,Austria,47.516231,14.550072
HUN,310,Hungary,58,Hungary,47.162494,19.503304
CZE,315,Czech Republic,59,Czech Republic,49.817492,15.472962
CZR,316,Czech Republic,60,Czech Republic,49.817492,15.472962
SLO,317,Slovakia,61,Slovakia,48.669026,19.699024
ITA,325,Italy,62,Italy,41.87194,12.56738
SNM,331,San Marino,63,San Marino,43.94236,12.457777
MOD,332,Italy,64,Italy,41.87194,12.56738
PMA,335,Italy,65,Italy,41.87194,12.56738
TUS,337,Italy,66,Italy,41.87194,12.56738
MLT,338,Malta,67,Malta,35.937496,14.375416
ALB,339,Albania,68,Albania,41.153332,20.168331
MNG,341,Montenegro,69,Montenegro,42.708678,19.37439
MAC,343,Macedonia [FYROM],70,Macedonia [FYROM],41.608635,21.745275
CRO,344,Croatia,71,Croatia,45.1,15.2
YUG,345,Serbia,72,Serbia,44.016521,21.005859
BOS,346,Bosnia and Herzegovina,73,Bosnia and Herzegovina,43.915886,17.679076
KOS,347,Kosovo,74,Kosovo,42.602636,20.902977
SLV,349,Slovenia,75,Slovenia,46.151241,14.995463
GRC,350,Greece,76,Greece,39.074208,21.824312
CYP,352,Cyprus,77,Cyprus,35.126413,33.429859
BUL,355,Bulgaria,78,Bulgaria,42.733883,25.48583
MLD,359,Moldova,79,Moldova,47.411631,28.369885
ROM,360,Romania,80,Romania,45.943161,24.96676
RUS,365,Russia,81,Russia,61.52401,105.318756
EST,366,Estonia,82,Estonia,58.595272,25.013607
LAT,367,Latvia,83,Latvia,56.879635,24.603189
LIT,368,Lithuania,84,Lithuania,55.169438,23.881275
UKR,369,Ukraine,85,Ukraine,48.379433,31.16558
BLR,370,Belarus,86,Belarus,53.709807,27.953389
ARM,371,Armenia,87,Armenia,40.069099,45.038189
GRG,372,Georgia,88,Georgia,42.315407,43.356892
AZE,373,Azerbaijan,89,Azerbaijan,40.143105,47.576927
FIN,375,Finland,90,Finland,61.92411,25.748151
SWD,380,Sweden,91,Sweden,60.128161,18.643501
NOR,385,Norway,92,Norway,60.472024,8.468946
DEN,390,Denmark,93,Denmark,56.26392,9.501785
ICE,395,Iceland,94,Iceland,64.963051,-19.020835
CAP,402,Cape Verde,95,Cape Verde,16.002082,-24.013197
STP,403,São Tomé and Príncipe,96,São Tomé and Príncipe,0.18636,6.613081
GNB,404,Guinea-Bissau,97,Guinea-Bissau,11.803749,-15.180413
EQG,411,Equatorial Guinea,98,Equatorial Guinea,1.650801,10.267895
GAM,420,Gambia,99,Gambia,13.443182,-15.310139
MLI,432,Mali,100,Mali,17.570692,-3.996166
SEN,433,Senegal,101,Senegal,14.497401,-14.452362
BEN,434,Benin,102,Benin,9.30769,2.315834
MAA,435,Mauritania,103,Mauritania,21.00789,-10.940835
NIR,436,Niger,104,Niger,17.607789,8.081666
CDI,437,Côte d'Ivoire,105,Côte d'Ivoire,7.539989,-5.54708
GUI,438,Guinea,106,Guinea,9.945587,-9.696645
BFO,439,Burkina Faso,107,Burkina Faso,12.238333,-1.561593
LBR,450,Liberia,108,Liberia,6.428055,-9.429499
SIE,451,Sierra Leone,109,Sierra Leone,8.460555,-11.779889
GHA,452,Ghana,110,Ghana,7.946527,-1.023194
TOG,461,Togo,111,Togo,8.619543,0.824782
CAO,471,Cameroon,112,Cameroon,7.369722,12.354722
NIG,475,Nigeria,113,Nigeria,9.081999,8.675277
GAB,481,Gabon,114,Gabon,-0.803689,11.609444
CEN,482,Central African Republic,115,Central African Republic,6.611111,20.939444
CHA,483,Chad,116,Chad,15.454166,18.732207
CON,484,Congo [Republic],117,Congo [Republic],-0.228021,15.827659
DRC,490,Congo [DRC],118,Congo [DRC],-4.038333,21.758664
UGA,500,Uganda,119,Uganda,1.373333,32.290275
KEN,501,Kenya,120,Kenya,-0.023559,37.906193
TAZ,510,Tanzania,121,Tanzania,-6.369028,34.888822
ZAN,511,Tanzania,122,Tanzania,-6.369028,34.888822
BUI,516,Burundi,123,Burundi,-3.373056,29.918886
RWA,517,Rwanda,124,Rwanda,-1.940278,29.873888
SOM,520,Somalia,125,Somalia,5.152149,46.199616
DJI,522,Djibouti,126,Djibouti,11.825138,42.590275
ETH,530,Ethiopia,127,Ethiopia,9.145,40.489673
ERI,531,Eritrea,128,Eritrea,15.179384,39.782334
ANG,540,Angola,129,Angola,-11.202692,17.873887
MZM,541,Mozambique,130,Mozambique,-18.665695,35.529562
ZAM,551,Zambia,131,Zambia,-13.133897,27.849332
ZIM,552,Zimbabwe,132,Zimbabwe,-19.015438,29.154857
MAW,553,Malawi,133,Malawi,-13.254308,34.301525
SAF,560,South Africa,134,South Africa,-30.559482,22.937506
NAM,565,Namibia,135,Namibia,-22.95764,18.49041
LES,570,Lesotho,136,Lesotho,-29.609988,28.233608
BOT,571,Botswana,137,Botswana,-22.328474,24.684866
SWA,572,Swaziland,138,Swaziland,-26.522503,31.465866
MAG,580,Madagascar,139,Madagascar,-18.766947,46.869107
COM,581,Comoros,140,Comoros,-11.875001,43.872219
MAS,590,Mauritius,141,Mauritius,-20.348404,57.552152
SEY,591,Seychelles,142,Seychelles,-4.679574,55.491977
MOR,600,Morocco,143,Morocco,31.791702,-7.09262
ALG,615,Algeria,144,Algeria,28.033886,1.659626
TUN,616,Tunisia,145,Tunisia,33.886917,9.537499
LIB,620,Libya,146,Libya,26.3351,17.228331
SUD,625,Sudan,147,Sudan,12.862807,30.217636
SSD,626,Sudan,148,Sudan,12.862807,30.217636
IRN,630,Iran,149,Iran,32.427908,53.688046
TUR,640,Turkey,150,Turkey,38.963745,35.243322
IRQ,645,Iraq,151,Iraq,33.223191,43.679291
EGY,651,Egypt,152,Egypt,26.820553,30.802498
SYR,652,Syria,153,Syria,34.802075,38.996815
LEB,660,Lebanon,154,Lebanon,33.854721,35.862285
JOR,663,Jordan,155,Jordan,30.585164,36.238414
ISR,666,Israel,156,Israel,31.046051,34.851612
SAU,670,Saudi Arabia,157,Saudi Arabia,23.885942,45.079162
YEM,679,Yemen,158,Yemen,15.552727,48.516388
KUW,690,Kuwait,159,Kuwait,29.31166,47.481766
BAH,692,Bahrain,160,Bahrain,25.930414,50.637772
QAT,694,Qatar,161,Qatar,25.354826,51.183884
UAE,696,United Arab Emirates,162,United Arab Emirates,23.424076,53.847818
OMA,698,Oman,163,Oman,21.512583,55.923255
AFG,700,Afghanistan,164,Afghanistan,33.93911,67.709953
TKM,701,Turkmenistan,165,Turkmenistan,38.969719,59.556278
TAJ,702,Tajikistan,166,Tajikistan,38.861034,71.276093
KYR,703,Kyrgyzstan,167,Kyrgyzstan,41.20438,74.766098
UZB,704,Uzbekistan,168,Uzbekistan,41.377491,64.585262
KZK,705,Kazakhstan,169,Kazakhstan,48.019573,66.923684
CHN,710,China,170,China,35.86166,104.195397
MON,712,Mongolia,171,Mongolia,46.862496,103.846656
TAW,713,Taiwan,172,Taiwan,23.69781,120.960515
KOR,730,South Korea,173,South Korea,35.907757,127.766922
PRK,731,North Korea,174,North Korea,40.339852,127.510093
ROK,732,South Korea,175,South Korea,35.907757,127.766922
JPN,740,Japan,176,Japan,36.204824,138.252924
IND,750,India,177,India,20.593684,78.96288
BHU,760,Bhutan,178,Bhutan,27.514162,90.433601
PAK,770,Pakistan,179,Pakistan,30.375321,69.345116
BNG,771,Bangladesh,180,Bangladesh,23.684994,90.356331
MYA,775,Myanmar [Burma],181,Myanmar [Burma],21.913965,95.956223
SRI,780,Sri Lanka,182,Sri Lanka,7.873054,80.771797
MAD,781,Maldives,183,Maldives,3.202778,73.22068
NEP,790,Nepal,184,Nepal,28.394857,84.124008
THI,800,Thailand,185,Thailand,15.870032,100.992541
CAM,811,Cambodia,186,Cambodia,12.565679,104.990963
LAO,812,Laos,187,Laos,19.85627,102.495496
DRV,816,Vietnam,188,Vietnam,14.058324,108.277199
RVN,817,Vietnam,189,Vietnam,14.058324,108.277199
MAL,820,Malaysia,190,Malaysia,4.210484,101.975766
SIN,830,Singapore,191,Singapore,1.352083,103.819836
BRU,835,Brunei,192,Brunei,4.535277,114.727669
PHI,840,Philippines,193,Philippines,12.879721,121.774017
INS,850,Indonesia,194,Indonesia,-0.789275,113.921327
ETM,860,Timor-Leste,195,Timor-Leste,-8.874217,125.727539
AUL,900,Australia,196,Australia,-25.274398,133.775136
PNG,910,Papua New Guinea,197,Papua New Guinea,-6.314993,143.95555
NEW,920,New Zealand,198,New Zealand,-40.900557,174.885971
VAN,935,Vanuatu,199,Vanuatu,-15.376706,166.959158
SOL,940,Solomon Islands,200,Solomon Islands,-9.64571,160.156194
KIR,946,Kiribati,201,Kiribati,-3.370417,-168.734039
TUV,947,Tuvalu,202,Tuvalu,-7.109535,177.64933
FIJ,950,Fiji,203,Fiji,-16.578193,179.414413
TON,955,Tonga,204,Tonga,-21.178986,-175.198242
NAU,970,Nauru,205,Nauru,-0.522778,166.931503
MSI,983,Marshall Islands,206,Marshall Islands,7.131474,171.184478
PAL,986,Palau,207,Palau,7.51498,134.58252
FSM,987,Micronesia,208,Micronesia,7.425554,150.550812
WSM,990,Samoa,209,Samoa,-13.759029,-172.104629
